,closed_at,created_at,labels,id,number,state,title,url,last_mod,comments,turn_round
0,,2021-10-07 14:06:10,[],1020087618,2252,open,Need Help on TCP WAN Communication between tcp client and tcp server (running in container).,https://api.github.com/repos/eProsima/Fast-DDS/issues/2252,,0,
1,,2021-10-06 09:35:27,[],1017902419,2251,open,Allow to ignore embedded thirdparty dependencies [12638],https://api.github.com/repos/eProsima/Fast-DDS/issues/2251,,1,
2,,2021-10-06 07:33:37,[],1017686854,2250,open,"Erroneous ""Writer xx.xx.xx.xx.xx.xx.xx.xx.xx.xx.xx.xx|x.x.x.x not found.""",https://api.github.com/repos/eProsima/Fast-DDS/issues/2250,,1,
3,,2021-10-05 14:50:05,[],1016425637,2249,open,Do not filter Error messages category,https://api.github.com/repos/eProsima/Fast-DDS/issues/2249,,0,
4,,2021-10-05 11:35:40,[],1016216298,2248,open,[foxy] Fix: gap not being sent,https://api.github.com/repos/eProsima/Fast-DDS/issues/2248,,0,
5,,2021-10-04 14:44:57,[],1015274011,2247,open,Allow Discovery Server without Custom Listening Address [12570],https://api.github.com/repos/eProsima/Fast-DDS/issues/2247,,0,
6,,2021-10-04 12:25:31,[],1015114264,2246,open,Discovery Server fix reconnection [12522],https://api.github.com/repos/eProsima/Fast-DDS/issues/2246,,0,
7,,2021-10-04 09:46:50,[],1014960198,2245,open,Adds profile loading from XML string,https://api.github.com/repos/eProsima/Fast-DDS/issues/2245,,0,
8,,2021-10-04 08:56:14,[],1014909261,2244,open,Persistence guid hotfixes [12522],https://api.github.com/repos/eProsima/Fast-DDS/issues/2244,,1,
9,,2021-10-01 09:11:46,[],1013103894,2243,open,Fix buffers exhaution when compiled with statistics [12629],https://api.github.com/repos/eProsima/Fast-DDS/issues/2243,,0,
10,,2021-09-30 20:15:22,[],1012582327,2242,closed,Discovery Server reconnection fixes,https://api.github.com/repos/eProsima/Fast-DDS/issues/2242,,0,409616.0
11,,2021-09-30 09:19:26,[],1011933227,2241,open,Problem cross compiling for Android.,https://api.github.com/repos/eProsima/Fast-DDS/issues/2241,,0,
12,,2021-09-30 08:20:50,[],1011868871,2240,open,Improve `DataWriterImpl::unregister_instance` performance and standard compliance [12622],https://api.github.com/repos/eProsima/Fast-DDS/issues/2240,,0,
13,,2021-09-29 11:41:03,[],1010848056,2239,open,Fix incosistences between Pub/Sub history and RTPS history [12620],https://api.github.com/repos/eProsima/Fast-DDS/issues/2239,,0,
14,,2021-09-29 10:02:16,[],1010753815,2238,open,Will custom pre-allocated memory affect memory usage? ,https://api.github.com/repos/eProsima/Fast-DDS/issues/2238,,0,
15,,2021-09-28 16:47:09,[],1009981706,2237,open,Excessive CPU usage on Mac using Shared Memory [12607],https://api.github.com/repos/eProsima/Fast-DDS/issues/2237,,0,
16,,2021-09-28 15:26:22,"[Label(name=""question"")]",1009898790,2236,open,Is it possible adding a new datawriter with a new type in a running participant? [12628],https://api.github.com/repos/eProsima/Fast-DDS/issues/2236,,3,
17,,2021-09-27 14:25:11,[],1008219622,2235,open,xTypes Example [12531],https://api.github.com/repos/eProsima/Fast-DDS/issues/2235,,0,
18,,2021-09-27 11:26:43,"[Label(name=""bug"")]",1008032770,2234,open,There is no way to unload dynamic types [12606],https://api.github.com/repos/eProsima/Fast-DDS/issues/2234,,3,
19,,2021-09-27 06:27:48,[],1007751191,2233,open,[12412] Add writer wait for acknowledgements for a specific instance,https://api.github.com/repos/eProsima/Fast-DDS/issues/2233,,1,
20,,2021-09-27 06:27:14,"[Label(name=""skip-ci"")]",1007750812,2232,closed,Avoid bad_node_size exception when cross building [12583] (backport #2229),https://api.github.com/repos/eProsima/Fast-DDS/issues/2232,,3,2521.0
21,,2021-09-27 06:27:03,"[Label(name=""skip-ci"")]",1007750694,2231,closed,Avoid bad_node_size exception when cross building [12583] (backport #2229),https://api.github.com/repos/eProsima/Fast-DDS/issues/2231,,1,2233.0
22,,2021-09-27 06:26:49,"[Label(name=""skip-ci"")]",1007750545,2230,closed,Avoid bad_node_size exception when cross building [12583] (backport #2229),https://api.github.com/repos/eProsima/Fast-DDS/issues/2230,,1,2228.0
23,,2021-09-24 11:52:34,[],1006383825,2229,closed,Avoid bad_node_size exception when cross building [12583],https://api.github.com/repos/eProsima/Fast-DDS/issues/2229,,4,239610.0
24,,2021-09-24 09:58:25,[],1006292852,2228,closed,Fixed LogMacrosTests.default_macros_test [12575] (backport #2217),https://api.github.com/repos/eProsima/Fast-DDS/issues/2228,,0,242985.0
25,,2021-09-24 09:36:27,[],1006274211,2227,closed,Communication improvement sending only one GAP for all readers [12576],https://api.github.com/repos/eProsima/Fast-DDS/issues/2227,,1,342055.0
26,,2021-09-24 08:21:24,"[Label(name=""to-do"")]",1006209537,2226,open,Fix Dynamic Types key parser from XML [12549],https://api.github.com/repos/eProsima/Fast-DDS/issues/2226,,1,
27,,2021-09-23 11:43:22,"[Label(name=""question""), Label(name=""need more info"")]",1005329832,2225,open,"When I use DDSHelloWorldExampleTCP, I am having trouble accepting data while mapping using routes [12574]",https://api.github.com/repos/eProsima/Fast-DDS/issues/2225,,14,
28,,2021-09-23 11:37:47,[],1005325156,2224,closed,Adds support for loading profiles from an XML string.,https://api.github.com/repos/eProsima/Fast-DDS/issues/2224,,0,942089.0
29,,2021-09-23 07:57:28,[],1005123811,2223,closed,[12552] delete_contained_entities implementation,https://api.github.com/repos/eProsima/Fast-DDS/issues/2223,,0,1144469.0
30,,2021-09-22 14:25:37,[],1004364889,2222,open,[11909] pkcs11 support,https://api.github.com/repos/eProsima/Fast-DDS/issues/2222,,0,
31,,2021-09-22 14:22:34,[],1004361548,2221,closed,[11914] Feature/pkcs11 support,https://api.github.com/repos/eProsima/Fast-DDS/issues/2221,,1,81.0
32,,2021-09-22 12:30:37,[],1004238870,2220,closed,Fix build on old compilers [12546],https://api.github.com/repos/eProsima/Fast-DDS/issues/2220,,1,418392.0
33,,2021-09-22 12:11:36,[],1004220817,2219,closed,2.4.0 can't build under Ubuntu/Linaro 5.4.0(aarch64) [12545],https://api.github.com/repos/eProsima/Fast-DDS/issues/2219,,1,5958.0
34,,2021-09-22 11:46:55,"[Label(name=""question"")]",1004197767,2218,closed,"Can use ""memory"" instead of ""foonathan_memory_vendor"" under arm?",https://api.github.com/repos/eProsima/Fast-DDS/issues/2218,,2,50061.0
35,,2021-09-21 14:30:26,[],1002603636,2217,closed,Fixed LogMacrosTests.default_macros_test [12575],https://api.github.com/repos/eProsima/Fast-DDS/issues/2217,,6,242856.0
36,,2021-09-21 10:17:07,[],1002169267,2216,open,Support of disable_heartbeat_piggyback through XML and DDS API [12533],https://api.github.com/repos/eProsima/Fast-DDS/issues/2216,,0,
37,,2021-09-21 09:29:58,[],1002112730,2215,open,A subscriber receives RETCODE_NO_DATA with dynamic topic type with @key or @Key,https://api.github.com/repos/eProsima/Fast-DDS/issues/2215,,1,
38,,2021-09-20 14:21:47,"[Label(name=""no-test""), Label(name=""no-aarch"")]",1001031689,2214,closed,Fix DDS Late Joiners example,https://api.github.com/repos/eProsima/Fast-DDS/issues/2214,,0,238.0
39,,2021-09-20 09:33:48,[],1000758697,2213,open,DDS communications on k8s,https://api.github.com/repos/eProsima/Fast-DDS/issues/2213,,0,
40,,2021-09-20 07:53:12,"[Label(name=""skip-ci"")]",1000671334,2212,closed,2.4.0 [12525],https://api.github.com/repos/eProsima/Fast-DDS/issues/2212,,2,1065.0
41,,2021-09-17 12:42:00,[],999310764,2211,closed,Environment file feature,https://api.github.com/repos/eProsima/Fast-DDS/issues/2211,,5,120683.0
42,,2021-09-17 08:05:24,"[Label(name=""need more info"")]",999068445,2210,open,between clients [12550],https://api.github.com/repos/eProsima/Fast-DDS/issues/2210,,1,
43,,2021-09-17 07:41:55,"[Label(name=""skip-ci"")]",999048705,2209,closed,Hotfix: add DomainParticipantQos::flow_controllers doxygen documentation,https://api.github.com/repos/eProsima/Fast-DDS/issues/2209,,0,702.0
44,,2021-09-17 07:17:56,"[Label(name=""skip-ci"")]",999028803,2208,closed,Hotfix: fix doxydoc,https://api.github.com/repos/eProsima/Fast-DDS/issues/2208,,0,152.0
45,,2021-09-17 06:00:53,[],998974814,2207,open,Fix complex types with collections bug in Dynamic Types[12517],https://api.github.com/repos/eProsima/Fast-DDS/issues/2207,,0,
46,,2021-09-16 14:04:09,"[Label(name=""skip-ci"")]",998255584,2206,closed,Remove not implemented warning on doxygen [12358],https://api.github.com/repos/eProsima/Fast-DDS/issues/2206,,0,145.0
47,,2021-09-15 06:58:00,[],996726608,2205,closed,[12199] Reload environment file information,https://api.github.com/repos/eProsima/Fast-DDS/issues/2205,,1,193378.0
48,,2021-09-14 13:02:24,[],995992710,2204,closed,Fix compilation errors with OpenSSL 3.0 (backport #2154),https://api.github.com/repos/eProsima/Fast-DDS/issues/2204,,0,1102850.0
49,,2021-09-14 08:14:15,"[Label(name=""bug"")]",995726361,2203,open,key field in dynamic types in XML profile [12549],https://api.github.com/repos/eProsima/Fast-DDS/issues/2203,,1,
50,,2021-09-14 06:06:07,[],995625680,2202,closed,Correctly give priority to intraprocess over data sharing,https://api.github.com/repos/eProsima/Fast-DDS/issues/2202,,0,19997.0
51,,2021-09-13 17:17:25,[],995136379,2201,open,Issues disabling multicast for WIFI use case [12505],https://api.github.com/repos/eProsima/Fast-DDS/issues/2201,,5,
52,,2021-09-13 15:00:31,[],994998034,2200,closed,Correctly give priority to intraprocess over data sharing [12504],https://api.github.com/repos/eProsima/Fast-DDS/issues/2200,,3,54293.0
53,,2021-09-09 13:59:50,[],992265315,2199,open,Move unlock below the deleteUserEndpoint,https://api.github.com/repos/eProsima/Fast-DDS/issues/2199,,2,
54,,2021-09-08 09:05:00,[],990909395,2198,closed,Creating dynamic types from IDL (Fast-DDS gen),https://api.github.com/repos/eProsima/Fast-DDS/issues/2198,,14,1119466.0
55,,2021-09-08 08:38:54,"[Label(name=""question"")]",990868705,2197,closed,How do subscribers return received data？,https://api.github.com/repos/eProsima/Fast-DDS/issues/2197,,3,90783.0
56,,2021-09-07 12:51:37,[],989951550,2196,open,WIP: Support of stadistics with static discovery [12473],https://api.github.com/repos/eProsima/Fast-DDS/issues/2196,,0,
57,,2021-09-07 10:55:09,[],989856683,2195,closed,Changes to facilitate bindings to python,https://api.github.com/repos/eProsima/Fast-DDS/issues/2195,,3,865049.0
58,,2021-09-07 08:23:37,"[Label(name=""no-aarch"")]",989725101,2194,closed,Fixed DataReaderHistory [12471],https://api.github.com/repos/eProsima/Fast-DDS/issues/2194,,1,18019.0
59,,2021-09-07 07:34:10,"[Label(name=""no-test""), Label(name=""no-aarch"")]",989684100,2193,open,DataReader test for sample_info fields [12469],https://api.github.com/repos/eProsima/Fast-DDS/issues/2193,,0,
60,,2021-09-06 16:27:49,"[Label(name=""question"")]",989317782,2192,closed,Participant ID and port [12548],https://api.github.com/repos/eProsima/Fast-DDS/issues/2192,,2,2382046.0
61,,2021-09-06 13:51:40,[],989196826,2191,closed,Avoid a volatile datasharing reader blocks a writer [12222] (backport #2090),https://api.github.com/repos/eProsima/Fast-DDS/issues/2191,,4,1818321.0
62,,2021-09-06 12:50:25,"[Label(name=""conflicts"")]",989140424,2190,open,Keep changes inside instances sorted by source timestamp [12421] (backport #2182),https://api.github.com/repos/eProsima/Fast-DDS/issues/2190,,0,
63,,2021-09-06 12:50:11,"[Label(name=""conflicts"")]",989140242,2189,open,Keep changes inside instances sorted by source timestamp [12421] (backport #2182),https://api.github.com/repos/eProsima/Fast-DDS/issues/2189,,0,
64,,2021-09-06 12:49:56,[],989140006,2188,open,Keep changes inside instances sorted by source timestamp [12421] (backport #2182),https://api.github.com/repos/eProsima/Fast-DDS/issues/2188,,1,
65,,2021-09-06 12:49:45,[],989139831,2187,closed,Keep changes inside instances sorted by source timestamp [12421] (backport #2182),https://api.github.com/repos/eProsima/Fast-DDS/issues/2187,,0,59303.0
66,,2021-09-06 10:15:01,[],989013179,2186,open,Unable to create multiple multicast locators on the same port [12551],https://api.github.com/repos/eProsima/Fast-DDS/issues/2186,,0,
67,,2021-09-05 15:06:11,[],988530864,2185,closed,The following error occurred when I compiled Foonathan source code on the Linux aarch64 architecture！,https://api.github.com/repos/eProsima/Fast-DDS/issues/2185,,2,122507.0
68,,2021-09-05 09:11:33,"[Label(name=""bug""), Label(name=""in progress"")]",988461375,2184,open,"TypeObjectFactory, container types, and segmentation faults",https://api.github.com/repos/eProsima/Fast-DDS/issues/2184,,6,
69,,2021-09-04 08:44:08,[],988245704,2183,open,intra-process writer/reader use-after-free issue when partitions exit,https://api.github.com/repos/eProsima/Fast-DDS/issues/2183,,2,
70,,2021-09-03 09:18:57,"[Label(name=""first-to-merge"")]",987578388,2182,closed,Keep changes inside instances sorted by source timestamp [12421],https://api.github.com/repos/eProsima/Fast-DDS/issues/2182,,5,271806.0
71,,2021-09-02 15:50:10,[],986902282,2181,open,Clean HelloWorldExample [12418],https://api.github.com/repos/eProsima/Fast-DDS/issues/2181,,0,
72,,2021-09-02 14:21:25,[],986798894,2180,closed,Improve statistics communication performance [12415],https://api.github.com/repos/eProsima/Fast-DDS/issues/2180,,0,1277953.0
73,,2021-09-01 14:41:46,[],985241058,2179,open,Option to load XML profiles from String,https://api.github.com/repos/eProsima/Fast-DDS/issues/2179,,0,
74,,2021-09-01 13:24:17,[],985150643,2178,open,New DDS example: HelloWorld Discovery Server [12368],https://api.github.com/repos/eProsima/Fast-DDS/issues/2178,,1,
75,,2021-09-01 10:55:25,[],985003823,2177,closed,Refactor DataReaderImpl to use a new DataReaderHistory class [12404],https://api.github.com/repos/eProsima/Fast-DDS/issues/2177,,0,498282.0
76,,2021-08-31 09:57:28,[],983671183,2176,closed,Fix deadlock using asynchronous publication and statistics [12396],https://api.github.com/repos/eProsima/Fast-DDS/issues/2176,,0,1466538.0
77,,2021-08-31 09:39:11,[],983654979,2175,closed,Fix ABBA deadlock in flow controller core [12394],https://api.github.com/repos/eProsima/Fast-DDS/issues/2175,,0,1195182.0
78,,2021-08-31 08:16:03,[],983577212,2174,closed,compile error in linux x86 gcc5.5 [12545],https://api.github.com/repos/eProsima/Fast-DDS/issues/2174,,2,2334466.0
79,,2021-08-30 12:06:33,[],982719954,2173,closed,Fixing TLS Exceptions and Example,https://api.github.com/repos/eProsima/Fast-DDS/issues/2173,,0,1547142.0
80,,2021-08-30 10:22:40,[],982638590,2172,open,Fix statistics writers sometimes uses the user's publisher [12391],https://api.github.com/repos/eProsima/Fast-DDS/issues/2172,,0,
81,,2021-08-30 06:56:31,[],982456173,2171,open,Separate initialization and enabling of BuiltinProtocols [12388],https://api.github.com/repos/eProsima/Fast-DDS/issues/2171,,0,
82,,2021-08-27 12:58:47,[],981224983,2170,open,Adding enable value to RTPS Participant [12377],https://api.github.com/repos/eProsima/Fast-DDS/issues/2170,,0,
83,,2021-08-25 14:42:11,[],979231379,2168,open,The SecurityManager handshake issue,https://api.github.com/repos/eProsima/Fast-DDS/issues/2168,,1,
84,,2021-08-24 09:54:40,[],977920172,2167,closed,Improves support for Unix POSIX systems. [12392],https://api.github.com/repos/eProsima/Fast-DDS/issues/2167,,3,792959.0
85,,2021-08-24 09:52:32,[],977918405,2166,closed,Enable debug for WriterProxy in Unix POSIX systems,https://api.github.com/repos/eProsima/Fast-DDS/issues/2166,,0,793090.0
86,,2021-08-24 09:36:58,[],977905093,2165,open,Problems encountered when using TCP to transfer large data,https://api.github.com/repos/eProsima/Fast-DDS/issues/2165,,6,
87,,2021-08-24 07:44:43,[],977805970,2164,closed,STRICT_REALTIME silently not active with Unix POSIX systems,https://api.github.com/repos/eProsima/Fast-DDS/issues/2164,,0,800756.0
88,,2021-08-24 07:14:42,"[Label(name=""wontfix"")]",977783565,2163,open,Participant_A Received Paiticipant_B DROPPED_RTPSPARTICIPANT info when the Paiticipant_B's program is still running,https://api.github.com/repos/eProsima/Fast-DDS/issues/2163,,11,
89,,2021-08-23 17:36:13,[],977265352,2162,open,"Ros2cli topic , echo , hz not working in root directory ",https://api.github.com/repos/eProsima/Fast-DDS/issues/2162,,0,
90,,2021-08-23 14:52:49,[],977121287,2161,closed,[12199] filewatch integration,https://api.github.com/repos/eProsima/Fast-DDS/issues/2161,,4,1798743.0
91,,2021-08-17 09:52:20,[],972505800,2159,closed,[12199] Refactor load environment server info to take into account environment file,https://api.github.com/repos/eProsima/Fast-DDS/issues/2159,,0,1307531.0
92,,2021-08-17 06:26:44,[],972345132,2158,open,How to listen multiple callbacks sometime  (multiple topics) in onDataAvailable FastDDS?,https://api.github.com/repos/eProsima/Fast-DDS/issues/2158,,0,
93,,2021-08-17 05:56:33,[],972328110,2157,closed,[12199] Load environment file,https://api.github.com/repos/eProsima/Fast-DDS/issues/2157,,0,1308659.0
94,,2021-08-17 05:55:08,[],972327270,2156,open,Question: How to Use Fast-DDS By Two AWS EC2,https://api.github.com/repos/eProsima/Fast-DDS/issues/2156,,0,
95,,2021-08-16 12:15:49,[],971677748,2155,closed,[12199] Add SystemInfo::file_exists,https://api.github.com/repos/eProsima/Fast-DDS/issues/2155,,1,848040.0
96,,2021-08-16 12:15:03,[],971677068,2154,closed,Fix compilation errors with OpenSSL 3.0,https://api.github.com/repos/eProsima/Fast-DDS/issues/2154,,4,2508387.0
97,,2021-08-14 08:15:02,[],970859628,2153,closed,Feature request: Support a DNS name in ROS_DISCOVERY_SERVER,https://api.github.com/repos/eProsima/Fast-DDS/issues/2153,,1,19187.0
98,,2021-08-13 13:55:09,[],970422870,2152,open,Stack smashing when boost is using nanosecond precision on linux,https://api.github.com/repos/eProsima/Fast-DDS/issues/2152,,0,
99,,2021-08-13 12:36:05,"[Label(name=""question"")]",970361009,2151,open,Question : Why Fast-DDS depending on specific commit of foonathan-memory instead of release?,https://api.github.com/repos/eProsima/Fast-DDS/issues/2151,,25,
100,,2021-08-13 07:48:37,[],970150902,2150,closed,Fix wrong iterator after vector reallocation ln LivelinessManager [12362] (backport #2141),https://api.github.com/repos/eProsima/Fast-DDS/issues/2150,,0,2151533.0
101,,2021-08-13 07:48:27,[],970150782,2149,closed,Fix wrong iterator after vector reallocation ln LivelinessManager [12362] (backport #2141),https://api.github.com/repos/eProsima/Fast-DDS/issues/2149,,0,4746161.0
102,,2021-08-13 07:48:16,[],970150654,2148,closed,Fix wrong iterator after vector reallocation ln LivelinessManager [12362] (backport #2141),https://api.github.com/repos/eProsima/Fast-DDS/issues/2148,,0,4746046.0
103,,2021-08-13 07:48:07,[],970150550,2147,closed,Fix wrong iterator after vector reallocation ln LivelinessManager [12362] (backport #2141),https://api.github.com/repos/eProsima/Fast-DDS/issues/2147,,1,4748821.0
104,,2021-08-13 06:21:47,"[Label(name=""enhancement""), Label(name=""question"")]",970099987,2146,closed,How to keep transmission if client's IP address change when using Discovery Server?,https://api.github.com/repos/eProsima/Fast-DDS/issues/2146,,2,10632.0
105,,2021-08-13 05:43:51,[],970080942,2145,closed,Initialize char* to nullptr [12367],https://api.github.com/repos/eProsima/Fast-DDS/issues/2145,,3,1574619.0
106,,2021-08-12 14:36:17,[],968956229,2144,closed,Fix calculation next_payload when more than one loop [12332] (backport #2117),https://api.github.com/repos/eProsima/Fast-DDS/issues/2144,,0,2213370.0
107,,2021-08-12 12:00:52,"[Label(name=""skip-ci"")]",968683079,2143,closed,Bump version to 2.4.0,https://api.github.com/repos/eProsima/Fast-DDS/issues/2143,,0,65001.0
108,,2021-08-12 07:59:05,[],968296587,2142,closed,Allow DomainParticipantQos updates for UserDataQosPolicy and adding new servers to the remote server list,https://api.github.com/repos/eProsima/Fast-DDS/issues/2142,,2,14763.0
109,,2021-08-12 07:36:59,"[Label(name=""skip-ci"")]",968262388,2141,closed,Fix wrong iterator after vector reallocation ln LivelinessManager [12362],https://api.github.com/repos/eProsima/Fast-DDS/issues/2141,,2,86929.0
110,,2021-08-11 13:14:54,"[Label(name=""skip-ci"")]",966694772,2140,closed,Configure Discovery Server using names [12349],https://api.github.com/repos/eProsima/Fast-DDS/issues/2140,,2,146912.0
111,,2021-08-10 22:22:56,"[Label(name=""need more info"")]",965471836,2139,open,on_data_available never called when Publisher uses RTI Connext DDS [12364],https://api.github.com/repos/eProsima/Fast-DDS/issues/2139,,5,
112,,2021-08-10 18:58:27,[],965262192,2138,closed,Propagate servers list updates to PDPServer and PDPClient [12278],https://api.github.com/repos/eProsima/Fast-DDS/issues/2138,,0,132441.0
113,,2021-08-10 13:36:23,[],964992489,2137,open,Question about sending big data,https://api.github.com/repos/eProsima/Fast-DDS/issues/2137,,4,
114,,2021-08-10 08:11:05,[],964711397,2136,closed,[12357] Fix doxygen documentation,https://api.github.com/repos/eProsima/Fast-DDS/issues/2136,,1,5272.0
115,,2021-08-10 03:54:52,[],964569137,2135,open,Foonathan Memory error when compiling Fast-DDS for QNX SDP 7.1,https://api.github.com/repos/eProsima/Fast-DDS/issues/2135,,2,
116,,2021-08-09 16:38:04,[],964174417,2134,open,Docker container-Host communication fails after restart (TCP) (FastDDS Bug with docker env confirmed),https://api.github.com/repos/eProsima/Fast-DDS/issues/2134,,2,
117,,2021-08-09 13:19:23,[],963988887,2133,closed,Service call invokes bad allocation when called from a separate docker container,https://api.github.com/repos/eProsima/Fast-DDS/issues/2133,,6,70068.0
118,,2021-08-09 11:56:18,[],963919045,2132,open,How to cross-compile FastDDS to arm linux,https://api.github.com/repos/eProsima/Fast-DDS/issues/2132,,2,
119,,2021-08-06 11:11:01,[],962640111,2131,closed,WireProtocolConfigQos update through DomainParticipant::set_qos [12197],https://api.github.com/repos/eProsima/Fast-DDS/issues/2131,,1,337444.0
120,,2021-08-06 10:47:52,[],962624005,2130,closed,[12196] Add UserDataQoS blackbox test,https://api.github.com/repos/eProsima/Fast-DDS/issues/2130,,0,358799.0
121,,2021-08-06 09:18:00,[],962559003,2129,closed,"LivelinessManager ""writers_"" vector reallocation issue [12361]",https://api.github.com/repos/eProsima/Fast-DDS/issues/2129,,1,599268.0
122,,2021-08-06 08:09:11,[],962505614,2128,closed,[12371] Waitset implementation,https://api.github.com/repos/eProsima/Fast-DDS/issues/2128,,3,2155705.0
123,,2021-08-06 07:19:43,[],962471469,2127,closed,Apply setting subscriber's partition to empty set [12317] (backport #2108),https://api.github.com/repos/eProsima/Fast-DDS/issues/2127,,1,2077814.0
124,,2021-08-06 07:19:28,[],962471312,2126,closed,Apply setting subscriber's partition to empty set [12317] (backport #2108),https://api.github.com/repos/eProsima/Fast-DDS/issues/2126,,0,612886.0
125,,2021-08-06 07:19:11,[],962471097,2125,open,Apply setting subscriber's partition to empty set [12317] (backport #2108),https://api.github.com/repos/eProsima/Fast-DDS/issues/2125,,0,
126,,2021-08-06 07:18:52,[],962470657,2124,open,Apply setting subscriber's partition to empty set [12317] (backport #2108),https://api.github.com/repos/eProsima/Fast-DDS/issues/2124,,0,
127,,2021-08-06 06:08:59,[],962428357,2123,open,Move optionparser to thirdparty [12336],https://api.github.com/repos/eProsima/Fast-DDS/issues/2123,,0,
128,,2021-08-05 12:12:57,"[Label(name=""no-test""), Label(name=""no-aarch"")]",961761746,2122,open,New DDS example: Basic Configuration HelloWorld [12329],https://api.github.com/repos/eProsima/Fast-DDS/issues/2122,,2,
129,,2021-08-05 11:51:30,[],961744208,2121,closed,Deadline error when no Reliable DataReaders in VOLATILE DataWriters [12321] (backport #2112),https://api.github.com/repos/eProsima/Fast-DDS/issues/2121,,0,23833.0
130,,2021-08-05 11:51:03,[],961743866,2120,closed,Deadline error when no Reliable DataReaders in VOLATILE DataWriters [12321] (backport #2112),https://api.github.com/repos/eProsima/Fast-DDS/issues/2120,,0,23902.0
131,,2021-08-05 11:50:25,[],961743411,2119,closed,Deadline error when no Reliable DataReaders in VOLATILE DataWriters [12321] (backport #2112),https://api.github.com/repos/eProsima/Fast-DDS/issues/2119,,0,23988.0
132,,2021-08-05 11:49:57,[],961743081,2118,closed,Deadline error when no Reliable DataReaders in VOLATILE DataWriters [12321] (backport #2112),https://api.github.com/repos/eProsima/Fast-DDS/issues/2118,,2,682824.0
133,,2021-08-05 11:02:32,[],961705806,2117,closed,Fix calculation next_payload when more than one loop [12332],https://api.github.com/repos/eProsima/Fast-DDS/issues/2117,,5,617604.0
134,,2021-08-05 05:15:41,[],961451338,2116,closed,Communication between two computers cannot be achieved using HelloWorldExampleTCP,https://api.github.com/repos/eProsima/Fast-DDS/issues/2116,,5,1304226.0
135,,2021-08-05 00:41:37,[],961281524,2115,closed,Dead lock in nested MessageReceiver function,https://api.github.com/repos/eProsima/Fast-DDS/issues/2115,,1,17638.0
136,,2021-08-04 14:46:39,[],960569826,2114,closed,Question about share memory,https://api.github.com/repos/eProsima/Fast-DDS/issues/2114,,2,155513.0
137,,2021-08-03 12:32:42,[],959069673,2113,closed,[12196] DomainParticipantQos propagation to the RTPS layer implementation,https://api.github.com/repos/eProsima/Fast-DDS/issues/2113,,0,585119.0
138,,2021-08-03 07:43:54,[],958828548,2112,closed,Deadline error when no Reliable DataReaders in VOLATILE DataWriters [12321],https://api.github.com/repos/eProsima/Fast-DDS/issues/2112,,4,187514.0
139,,2021-08-03 05:24:37,"[Label(name=""no-test"")]",958738483,2111,closed,[12196] Add empty api,https://api.github.com/repos/eProsima/Fast-DDS/issues/2111,,0,5157.0
140,,2021-08-03 03:30:57,[],958684861,2110,open,"Question: std::vector ""readers_"" mutex issue in WLP",https://api.github.com/repos/eProsima/Fast-DDS/issues/2110,,3,
141,,2021-08-02 18:01:09,[],958381869,2109,closed,Best method for debugging a writer?,https://api.github.com/repos/eProsima/Fast-DDS/issues/2109,,1,558593.0
142,,2021-08-02 12:06:49,"[Label(name=""ready"")]",958075010,2108,closed,Apply setting subscriber's partition to empty set [12317],https://api.github.com/repos/eProsima/Fast-DDS/issues/2108,,7,328272.0
143,,2021-07-30 16:40:19,"[Label(name=""bug"")]",956910410,2107,closed,Changing Partition QoS on running Publisher and Subscriber has no affect [12315],https://api.github.com/repos/eProsima/Fast-DDS/issues/2107,,9,571062.0
144,,2021-07-30 06:57:41,"[Label(name=""duplicate"")]",956462589,2106,closed,No data received on SubscriberListener when custom topic discovery listener is registered at participant,https://api.github.com/repos/eProsima/Fast-DDS/issues/2106,,5,859085.0
145,,2021-07-30 06:50:25,[],956457768,2105,closed,Remove old cmake code for old installers creation [12296],https://api.github.com/repos/eProsima/Fast-DDS/issues/2105,,3,2678893.0
146,,2021-07-29 14:09:17,"[Label(name=""skip-ci"")]",955883653,2104,closed,Bump version to 2.3.4,https://api.github.com/repos/eProsima/Fast-DDS/issues/2104,,0,1905.0
147,,2021-07-29 09:11:22,[],955629957,2103,open,New feature: chaining transports [12290],https://api.github.com/repos/eProsima/Fast-DDS/issues/2103,,0,
148,,2021-07-29 08:48:00,"[Label(name=""no-test""), Label(name=""no-aarch"")]",955610079,2102,closed,Fix LateJoiners example,https://api.github.com/repos/eProsima/Fast-DDS/issues/2102,,0,2713.0
149,,2021-07-29 06:16:06,[],955499968,2101,closed,Implementation of DataWriter::get_type() [12286],https://api.github.com/repos/eProsima/Fast-DDS/issues/2101,,0,946743.0
150,,2021-07-28 22:31:53,[],955283067,2100,closed,DataWriter::get_type() missing an impl - but impl present in DataWriterImpl.hpp [12283],https://api.github.com/repos/eProsima/Fast-DDS/issues/2100,,1,974596.0
151,,2021-07-28 17:23:40,[],955073681,2099,closed,"Fast DDS Subscriber ""Failed init_port""",https://api.github.com/repos/eProsima/Fast-DDS/issues/2099,,3,440848.0
152,,2021-07-28 12:43:13,[],954815901,2098,closed,Nebula VPN unexpected behaviour,https://api.github.com/repos/eProsima/Fast-DDS/issues/2098,,5,1633638.0
153,,2021-07-28 11:42:33,[],954768478,2097,open,Expected behavior when interfaces change during runtime,https://api.github.com/repos/eProsima/Fast-DDS/issues/2097,,3,
154,,2021-07-27 11:35:07,[],953789438,2096,closed,Fix late joiners example,https://api.github.com/repos/eProsima/Fast-DDS/issues/2096,,1,401.0
155,,2021-07-27 11:04:22,[],953765153,2095,closed,Fix Fast DDS CLI server name,https://api.github.com/repos/eProsima/Fast-DDS/issues/2095,,0,13294.0
156,,2021-07-27 10:45:15,[],953750682,2094,closed,Fix publication throughput statistic on volatile writers [12269],https://api.github.com/repos/eProsima/Fast-DDS/issues/2094,,0,14402.0
157,,2021-07-26 14:35:22,[],952973544,2093,closed,Get notified of new Data writers at application level?,https://api.github.com/repos/eProsima/Fast-DDS/issues/2093,,6,554.0
158,,2021-07-26 12:22:05,[],952845937,2092,closed,Feature/datasharing custom path [12051],https://api.github.com/repos/eProsima/Fast-DDS/issues/2092,,8,3172255.0
159,,2021-07-23 17:21:10,[],951766956,2091,closed,Multicast usage,https://api.github.com/repos/eProsima/Fast-DDS/issues/2091,,4,417293.0
160,,2021-07-23 10:07:03,[],951437861,2090,closed,Avoid a volatile datasharing reader blocks a writer [12222],https://api.github.com/repos/eProsima/Fast-DDS/issues/2090,,5,3901442.0
161,,2021-07-23 05:36:51,[],951266951,2089,closed,Check for NDEBUG in logInfo [12218],https://api.github.com/repos/eProsima/Fast-DDS/issues/2089,,2,1828466.0
162,,2021-07-22 12:21:37,[],950600272,2088,closed,Remove unused variable,https://api.github.com/repos/eProsima/Fast-DDS/issues/2088,,0,62645.0
163,,2021-07-22 11:06:59,"[Label(name=""no-test""), Label(name=""no-aarch"")]",950543850,2087,closed,Disable mirror workflow,https://api.github.com/repos/eProsima/Fast-DDS/issues/2087,,1,617796.0
164,,2021-07-21 13:42:10,[],949721163,2086,closed,Unprotected code loaning samples [12211],https://api.github.com/repos/eProsima/Fast-DDS/issues/2086,,0,57141.0
165,,2021-07-21 03:30:17,[],949286903,2085,closed,foonathan build error,https://api.github.com/repos/eProsima/Fast-DDS/issues/2085,,10,118753.0
166,,2021-07-20 11:03:59,[],948543362,2084,open,Fixes #2083.,https://api.github.com/repos/eProsima/Fast-DDS/issues/2084,,0,
167,,2021-07-20 11:01:36,[],948541540,2083,open,Use CMAKE_CXX_STANDARD and related properties to set C++ standards for compilation,https://api.github.com/repos/eProsima/Fast-DDS/issues/2083,,0,
168,,2021-07-19 23:28:41,[],948109259,2082,closed,Preallocated memory writers fails,https://api.github.com/repos/eProsima/Fast-DDS/issues/2082,,5,321820.0
169,,2021-07-19 14:39:22,[],947723703,2081,closed,Implementation of TransportPriorityQosPolicy,https://api.github.com/repos/eProsima/Fast-DDS/issues/2081,,1,56654.0
170,,2021-07-19 11:18:39,[],947548469,2080,open,"If loan message is enabled, subscriber will send ack to publisher in take function instead of return loan function, data corruption may happen ",https://api.github.com/repos/eProsima/Fast-DDS/issues/2080,,6,
171,,2021-07-19 07:58:10,[],947376273,2079,closed,[12168] Fixing SequenceNumberSet_t deserialization,https://api.github.com/repos/eProsima/Fast-DDS/issues/2079,,0,23631.0
172,,2021-07-18 16:18:43,"[Label(name=""need more info"")]",947069449,2078,open,the subscriber cannot receive data normally [12226],https://api.github.com/repos/eProsima/Fast-DDS/issues/2078,,10,
173,,2021-07-17 14:34:26,[],946835770,2077,open,How to cross-compile FastDDS from Linux to windows.,https://api.github.com/repos/eProsima/Fast-DDS/issues/2077,,0,
174,,2021-07-17 09:18:39,[],946776493,2076,closed,Can't change user_data in DATA(p) [12147],https://api.github.com/repos/eProsima/Fast-DDS/issues/2076,,2,2256389.0
175,,2021-07-16 10:42:14,[],946166574,2075,closed,Accept Statistics DataWriters in Discovery Server [12139],https://api.github.com/repos/eProsima/Fast-DDS/issues/2075,,0,240621.0
176,,2021-07-15 13:52:43,[],945403102,2074,closed,Read/Take return NO_DATA if a future change is found [12134],https://api.github.com/repos/eProsima/Fast-DDS/issues/2074,,1,316062.0
177,,2021-07-15 09:43:43,[],945197853,2073,closed,Polymorph Data Structures,https://api.github.com/repos/eProsima/Fast-DDS/issues/2073,,2,1080.0
178,,2021-07-15 09:38:54,[],945193846,2072,closed,Fix attribute error #2071,https://api.github.com/repos/eProsima/Fast-DDS/issues/2072,,0,71068.0
179,,2021-07-15 09:34:45,[],945190305,2071,closed,fastdds shm clean crashes,https://api.github.com/repos/eProsima/Fast-DDS/issues/2071,,1,71317.0
180,,2021-07-15 08:46:08,[],945147794,2070,closed,Fix error in read_sample()/take_sample() operations with Datasharing [12130],https://api.github.com/repos/eProsima/Fast-DDS/issues/2070,,5,342051.0
181,,2021-07-15 06:24:03,[],945044040,2069,open,Participant announcements keep being posted with the initial interval,https://api.github.com/repos/eProsima/Fast-DDS/issues/2069,,0,
182,,2021-07-14 12:39:03,"[Label(name=""no-test"")]",944386267,2068,closed,Fixes #2066.,https://api.github.com/repos/eProsima/Fast-DDS/issues/2068,,3,6760.0
183,,2021-07-14 12:27:07,[],944376880,2067,closed,Fixes example compilation for QNX #2066,https://api.github.com/repos/eProsima/Fast-DDS/issues/2067,,1,410.0
184,,2021-07-14 12:22:59,[],944373615,2066,closed,DeadlineQoSExample(s) do not compile for QNX due to missing libpthread,https://api.github.com/repos/eProsima/Fast-DDS/issues/2066,,0,7724.0
185,,2021-07-14 08:09:38,[],944164105,2065,closed,Reader can't receive past data when matched again [12126],https://api.github.com/repos/eProsima/Fast-DDS/issues/2065,,14,1016349.0
186,,2021-07-13 17:13:30,[],943651384,2064,closed,Fast DDS 2.3.0 could not subscribing properly.,https://api.github.com/repos/eProsima/Fast-DDS/issues/2064,,6,1559140.0
187,,2021-07-13 09:41:35,[],943076334,2063,closed,How can the ram consumption be reduced?,https://api.github.com/repos/eProsima/Fast-DDS/issues/2063,,7,254553.0
188,,2021-07-13 08:02:23,[],942942107,2062,closed,LateJoiner example  The Volatile Subsciber not reading anything ,https://api.github.com/repos/eProsima/Fast-DDS/issues/2062,,1,5714.0
189,,2021-07-12 09:40:10,[],941866323,2061,closed,Resolve ip name [11726],https://api.github.com/repos/eProsima/Fast-DDS/issues/2061,,12,2604490.0
190,,2021-07-12 09:27:51,"[Label(name=""no-test"")]",941856350,2060,closed,Fix segfault on deprecated tests. [12044],https://api.github.com/repos/eProsima/Fast-DDS/issues/2060,,1,10777.0
191,,2021-07-12 06:52:22,[],941730472,2059,closed,Network latency reports source participant [12020],https://api.github.com/repos/eProsima/Fast-DDS/issues/2059,,0,170204.0
192,,2021-07-09 20:47:48,[],941056043,2058,open,"warning C4265: 'eprosima::fastdds::dds::TypeSupport': class has virtual functions, but its non-trivial destructor is not virtual; instances of this class may not be destructed correctly",https://api.github.com/repos/eProsima/Fast-DDS/issues/2058,,0,
193,,2021-07-09 13:21:58,[],940761720,2057,open,SHM Subscriber not matching if durability volatile and Domain::stopAll not called,https://api.github.com/repos/eProsima/Fast-DDS/issues/2057,,0,
194,,2021-07-08 12:18:26,[],939799504,2056,closed,[11993] Assuring proper history clean up when a reader unmatches a writer keeping abi compatibility,https://api.github.com/repos/eProsima/Fast-DDS/issues/2056,,5,1036870.0
195,,2021-07-07 14:04:15,[],938930488,2055,closed,Failing to build on Android [12010],https://api.github.com/repos/eProsima/Fast-DDS/issues/2055,,6,86581.0
196,,2021-07-07 13:53:27,[],938919572,2054,closed,Support of googletest using colcon [12009],https://api.github.com/repos/eProsima/Fast-DDS/issues/2054,,1,145127.0
197,,2021-07-07 11:26:35,[],938789524,2053,open,[11993] Assuring proper history clean up when a reader unmatches a writer,https://api.github.com/repos/eProsima/Fast-DDS/issues/2053,,1,
198,,2021-07-07 07:20:51,[],938573878,2052,closed,Status condition blackbox [11834],https://api.github.com/repos/eProsima/Fast-DDS/issues/2052,,3,287294.0
199,,2021-07-07 07:07:24,[],938563156,2051,open, The create_participant_with_profile() method causes the program hangs [12363],https://api.github.com/repos/eProsima/Fast-DDS/issues/2051,,3,
200,,2021-07-06 14:15:42,[],937946008,2050,closed,Fix subscription throughput data generation [11964],https://api.github.com/repos/eProsima/Fast-DDS/issues/2050,,0,148640.0
201,,2021-07-06 12:35:57,[],937851798,2049,closed,Fix wrong size calculation [11963],https://api.github.com/repos/eProsima/Fast-DDS/issues/2049,,1,93925.0
202,,2021-07-05 10:51:16,[],936962772,2048,closed,Logging attributes settings through XML [12215],https://api.github.com/repos/eProsima/Fast-DDS/issues/2048,,12,3003372.0
203,,2021-07-02 14:45:55,[],935836391,2047,closed,Several fixes,https://api.github.com/repos/eProsima/Fast-DDS/issues/2047,,0,227326.0
204,,2021-07-02 14:21:55,[],935817041,2046,open,Python bindings,https://api.github.com/repos/eProsima/Fast-DDS/issues/2046,,0,
205,,2021-07-02 12:53:16,[],935742768,2045,closed,Information : Fast-DDS 2.3.2 is now part of Conan Center ,https://api.github.com/repos/eProsima/Fast-DDS/issues/2045,,2,254964.0
206,,2021-07-02 10:05:00,[],935619756,2044,open,[11993] examples DDS Keys error,https://api.github.com/repos/eProsima/Fast-DDS/issues/2044,,6,
207,,2021-07-02 07:18:23,[],935492278,2043,closed,Fix return inmediatly from wait_discovery() on tests [11931],https://api.github.com/repos/eProsima/Fast-DDS/issues/2043,,1,254160.0
208,,2021-07-02 07:14:28,[],935489542,2042,closed,Fix run event when was cancelled [11930],https://api.github.com/repos/eProsima/Fast-DDS/issues/2042,,1,254097.0
209,,2021-07-02 07:11:28,[],935487461,2041,closed,Fix interval loop on events [11929],https://api.github.com/repos/eProsima/Fast-DDS/issues/2041,,1,254161.0
210,,2021-07-02 07:05:10,[],935483080,2040,closed,Warning if cannot open multicast port [11928],https://api.github.com/repos/eProsima/Fast-DDS/issues/2040,,2,254408.0
211,,2021-07-02 06:54:37,[],935476313,2039,closed,Fix wrong usage of condition_variable [11927],https://api.github.com/repos/eProsima/Fast-DDS/issues/2039,,1,254952.0
212,,2021-07-02 06:49:03,[],935473055,2038,closed,Add warning about Datasharing limitation with Datareader's history size [11926],https://api.github.com/repos/eProsima/Fast-DDS/issues/2038,,1,255153.0
213,,2021-07-02 06:40:49,[],935468572,2037,closed,Fix deadlock with LivelinessManager [11925],https://api.github.com/repos/eProsima/Fast-DDS/issues/2037,,3,255546.0
214,,2021-07-02 06:35:43,[],935465551,2036,closed,Fix bug using not protected code in a test [11924],https://api.github.com/repos/eProsima/Fast-DDS/issues/2036,,1,255771.0
215,,2021-07-02 06:25:19,[],935460078,2035,closed,Validate sequence range on CDRMessage::readSequenceNumberSet [11920],https://api.github.com/repos/eProsima/Fast-DDS/issues/2035,,2,361521.0
216,,2021-07-02 06:22:00,[],935458109,2034,closed,Fix deadlock with security and timers. [11923],https://api.github.com/repos/eProsima/Fast-DDS/issues/2034,,1,256353.0
217,,2021-07-02 06:10:01,[],935450250,2033,closed,Fix segmentation fault on discovery server [11922],https://api.github.com/repos/eProsima/Fast-DDS/issues/2033,,1,28863.0
218,,2021-07-01 03:00:13,[],934313553,2032,closed,How to define topic profile in XML file? [11917],https://api.github.com/repos/eProsima/Fast-DDS/issues/2032,,2,355387.0
219,,2021-06-30 14:25:15,[],933767913,2031,open,FastDDS Discovery Server does not work locally without a network connection,https://api.github.com/repos/eProsima/Fast-DDS/issues/2031,,1,
220,,2021-06-30 14:24:15,[],933766871,2030,closed,Notify status changes [11835],https://api.github.com/repos/eProsima/Fast-DDS/issues/2030,,0,400502.0
221,,2021-06-28 14:48:22,"[Label(name=""no-aarch"")]",931654539,2029,closed,StatusCondition implementation [11824],https://api.github.com/repos/eProsima/Fast-DDS/issues/2029,,2,73958.0
222,,2021-06-28 08:37:28,"[Label(name=""no-test""), Label(name=""no-aarch"")]",931319722,2028,closed,Remove assert on network statistics processing code,https://api.github.com/repos/eProsima/Fast-DDS/issues/2028,,2,7989.0
223,,2021-06-28 05:24:47,[],931184092,2027,closed,Limit SequenceNumberSet number of bits on deserialization [11875],https://api.github.com/repos/eProsima/Fast-DDS/issues/2027,,0,258196.0
224,,2021-06-25 10:17:24,"[Label(name=""no-test""), Label(name=""no-aarch"")]",930041193,2026,closed,StatusCondition unit tests [11823],https://api.github.com/repos/eProsima/Fast-DDS/issues/2026,,0,272364.0
225,,2021-06-24 10:07:28,[],929065725,2025,open,cross compiling for QNX -> undefined reference to `std::bad_alloc::bad_alloc()',https://api.github.com/repos/eProsima/Fast-DDS/issues/2025,,0,
226,,2021-06-24 09:19:52,[],929024621,2024,closed,Change constants initialization [11867],https://api.github.com/repos/eProsima/Fast-DDS/issues/2024,,0,22572.0
227,,2021-06-24 06:46:47,"[Label(name=""conflicts"")]",928903820,2023,closed,Fix mutex lock count on PDPListener [11861] <2.0.x>,https://api.github.com/repos/eProsima/Fast-DDS/issues/2023,,0,21640.0
228,,2021-06-24 06:46:09,"[Label(name=""conflicts"")]",928903442,2022,closed,Fix mutex lock count on PDPListener [11861] <2.1.x>,https://api.github.com/repos/eProsima/Fast-DDS/issues/2022,,0,21591.0
229,,2021-06-24 06:45:25,[],928903041,2021,closed,Fix mutex lock count on PDPListener [11861] <2.2.x>,https://api.github.com/repos/eProsima/Fast-DDS/issues/2021,,0,21466.0
230,,2021-06-23 13:07:02,[],928238453,2020,closed,Fix mutex lock count on PDPListener [11861],https://api.github.com/repos/eProsima/Fast-DDS/issues/2020,,2,63366.0
231,,2021-06-23 10:59:01,[],928131287,2019,closed,Thread Sanitizer Warnings,https://api.github.com/repos/eProsima/Fast-DDS/issues/2019,,1,2951920.0
232,,2021-06-22 08:53:48,[],926996303,2018,open,[Feature request] Support for partitions on DataWriterQoS and DataReaderQoS [11849],https://api.github.com/repos/eProsima/Fast-DDS/issues/2018,,0,
233,,2021-06-22 06:49:15,"[Label(name=""duplicate"")]",926891622,2017,closed,An error occurred while executing fastddsgen.bat in Win10,https://api.github.com/repos/eProsima/Fast-DDS/issues/2017,,2,94625.0
234,,2021-06-21 10:03:16,[],926048783,2016,open,Fast-DDS with MinGW: Linking problems,https://api.github.com/repos/eProsima/Fast-DDS/issues/2016,,0,
235,,2021-06-18 11:09:11,[],924799790,2015,closed,Move TypeDescriptor::stateTable from header to implementation. [11841],https://api.github.com/repos/eProsima/Fast-DDS/issues/2015,,6,1724295.0
236,,2021-06-18 10:20:06,[],924763295,2014,closed,ABI breakage 2.3.2 -> 2.3.3 [11840],https://api.github.com/repos/eProsima/Fast-DDS/issues/2014,,3,2068894.0
237,,2021-06-17 09:08:29,[],923678123,2013,open,Fastrps   client to fastrps server  TIME_WAIT  after disconnection and reconnection on client side,https://api.github.com/repos/eProsima/Fast-DDS/issues/2013,,3,
238,,2021-06-16 07:02:15,"[Label(name=""skip-ci"")]",922180077,2012,closed,Bump version to 2.3.3,https://api.github.com/repos/eProsima/Fast-DDS/issues/2012,,0,1752.0
239,,2021-06-15 12:35:10,[],921349219,2011,closed,Fixed persistence guid issue,https://api.github.com/repos/eProsima/Fast-DDS/issues/2011,,0,61536.0
240,,2021-06-15 04:39:07,[],920977506,2010,open,TCPTransportInterface hangs on clean() ,https://api.github.com/repos/eProsima/Fast-DDS/issues/2010,,0,
241,,2021-06-14 22:36:14,[],920826128,2009,open,shared memory directory configuration for zero copy,https://api.github.com/repos/eProsima/Fast-DDS/issues/2009,,1,
242,,2021-06-12 09:05:35,[],919499994,2008,open,User-definied properties in PropertiesPolicyQos,https://api.github.com/repos/eProsima/Fast-DDS/issues/2008,,0,
243,,2021-06-10 08:05:34,[],917041943,2007,closed,Change log severity in DiscoveryServer first announcement [11777],https://api.github.com/repos/eProsima/Fast-DDS/issues/2007,,0,334784.0
244,,2021-06-09 08:17:48,[],915926543,2006,closed,Allow fully qualified name in TypeDescriptor <2.0.x>,https://api.github.com/repos/eProsima/Fast-DDS/issues/2006,,0,513333.0
245,,2021-06-09 08:17:30,[],915926276,2005,closed,Allow fully qualified name in TypeDescriptor <2.1.x>,https://api.github.com/repos/eProsima/Fast-DDS/issues/2005,,0,513328.0
246,,2021-06-09 08:17:14,[],915926052,2004,closed,Allow fully qualified name in TypeDescriptor <2.2.x>,https://api.github.com/repos/eProsima/Fast-DDS/issues/2004,,0,513319.0
247,,2021-06-09 06:58:17,[],915859704,2003,open,[RTPS_TRANSPORT_SHM Error] Failed init_port fastrtps_port7415: open_and_lock_file failed -> Function open_port_internal,https://api.github.com/repos/eProsima/Fast-DDS/issues/2003,,17,
248,,2021-06-07 14:38:24,[],913622781,2002,open,Publisher write call blocks forever,https://api.github.com/repos/eProsima/Fast-DDS/issues/2002,,0,
249,,2021-06-07 12:43:16,[],913507074,2001,open,Question about Heartbeat,https://api.github.com/repos/eProsima/Fast-DDS/issues/2001,,6,
250,,2021-06-07 10:55:52,[],913416031,2000,closed,Add readmes for performance tests [11763],https://api.github.com/repos/eProsima/Fast-DDS/issues/2000,,1,66003.0
251,,2021-06-07 06:35:45,[],913162200,1999,closed,redefinition error when i try to compile my RTPS proj with ROS2 installed,https://api.github.com/repos/eProsima/Fast-DDS/issues/1999,,0,1984.0
252,,2021-06-04 10:52:49,[],911381945,1998,open,Only export public symbols on non-windows platforms [11754],https://api.github.com/repos/eProsima/Fast-DDS/issues/1998,,0,
253,,2021-06-04 10:41:54,"[Label(name=""bug"")]",911374525,1997,open,Naming clash generated by a macro define in the XML parser,https://api.github.com/repos/eProsima/Fast-DDS/issues/1997,,1,
254,,2021-06-04 07:45:20,"[Label(name=""doc-pending""), Label(name=""first-to-merge"")]",911227192,1996,closed,New FlowController [11831],https://api.github.com/repos/eProsima/Fast-DDS/issues/1996,,9,5353946.0
255,,2021-06-04 03:32:20,[],911084824,1995,closed,Question: Have a DDS Publisher communicate with a ROS2 subscriber,https://api.github.com/repos/eProsima/Fast-DDS/issues/1995,,7,829581.0
256,,2021-06-04 02:47:17,"[Label(name=""bug"")]",911056869,1994,closed,SQLite conflict [11751],https://api.github.com/repos/eProsima/Fast-DDS/issues/1994,,2,48693.0
257,,2021-06-02 14:54:10,[],909591291,1993,open,Update install to proper instructions,https://api.github.com/repos/eProsima/Fast-DDS/issues/1993,,0,
258,,2021-05-31 09:35:59,"[Label(name=""ready"")]",907298324,1992,closed,Add load persistence_guid from UserData [11689],https://api.github.com/repos/eProsima/Fast-DDS/issues/1992,,2,7865228.0
259,,2021-05-28 07:57:08,[],904891865,1991,closed,"WaitSet, Condition and GuardCondition implementation [11608, 11609]",https://api.github.com/repos/eProsima/Fast-DDS/issues/1991,,0,251197.0
260,,2021-05-27 01:07:28,"[Label(name=""need more info"")]",903082876,1990,closed,createparticipant  crash,https://api.github.com/repos/eProsima/Fast-DDS/issues/1990,,1,4547690.0
261,,2021-05-26 14:50:08,[],902509481,1989,closed,WaitSet detail classes [11656],https://api.github.com/repos/eProsima/Fast-DDS/issues/1989,,1,85666.0
262,,2021-05-25 03:46:37,[],900230987,1988,closed,DataReaderListener's not invoked if a DomainParticipantListener is set on Participant,https://api.github.com/repos/eProsima/Fast-DDS/issues/1988,,4,579052.0
263,,2021-05-24 10:30:11,[],899532128,1987,closed,Explicitly enable/disable datasharing on Throughtput test [11646],https://api.github.com/repos/eProsima/Fast-DDS/issues/1987,,1,686404.0
264,,2021-05-24 10:28:52,"[Label(name=""conflicts"")]",899531212,1986,closed,Fix warnings and segfaults on Win32 builds <2.2.x>,https://api.github.com/repos/eProsima/Fast-DDS/issues/1986,,0,159329.0
265,,2021-05-24 08:40:43,[],899446515,1985,closed,get_discovered_topics implementation,https://api.github.com/repos/eProsima/Fast-DDS/issues/1985,,3,24481.0
266,,2021-05-21 16:37:16,[],898234429,1984,closed,TopicType configuration in XML file doesn't work when using fastdds::dds,https://api.github.com/repos/eProsima/Fast-DDS/issues/1984,,0,3493008.0
267,,2021-05-21 07:34:25,[],897775560,1983,closed,Fix statistics header file inclusion [11614],https://api.github.com/repos/eProsima/Fast-DDS/issues/1983,,1,269221.0
268,,2021-05-20 09:13:38,[],896523364,1982,closed,Fix warnings and segfaults on Win32 builds,https://api.github.com/repos/eProsima/Fast-DDS/issues/1982,,2,90765.0
269,,2021-05-20 05:23:05,[],896294841,1981,closed,Synchronize TCP reception to wait for RTCP header [11562] <2.0.x>,https://api.github.com/repos/eProsima/Fast-DDS/issues/1981,,0,90797.0
270,,2021-05-20 05:22:35,[],896294569,1980,closed,Synchronize TCP reception to wait for RTCP header [11562] <2.1.x>,https://api.github.com/repos/eProsima/Fast-DDS/issues/1980,,0,90801.0
271,,2021-05-19 13:20:26,"[Label(name=""no-test""), Label(name=""skip-ci""), Label(name=""no-aarch"")]",895438772,1979,closed,[11596] Update to ROS 2 Galactic,https://api.github.com/repos/eProsima/Fast-DDS/issues/1979,,0,149078.0
272,,2021-05-19 10:30:53,[],895272407,1978,closed,Add missing std:: [11591] <2.0.x>,https://api.github.com/repos/eProsima/Fast-DDS/issues/1978,,0,68558.0
273,,2021-05-19 10:30:26,[],895272002,1977,closed,Add missing std:: [11591] <2.1.x>,https://api.github.com/repos/eProsima/Fast-DDS/issues/1977,,0,68547.0
274,,2021-05-19 10:30:03,[],895271631,1976,closed,Add missing std:: [11591] <2.2.x>,https://api.github.com/repos/eProsima/Fast-DDS/issues/1976,,0,68528.0
275,,2021-05-19 07:51:39,"[Label(name=""no-test""), Label(name=""skip-ci""), Label(name=""no-aarch"")]",895113351,1975,closed,Update from fastrtpsgen to fastddsgen,https://api.github.com/repos/eProsima/Fast-DDS/issues/1975,,0,78507.0
276,,2021-05-19 00:42:41,[],894888458,1974,closed,Add missing std:: [11591],https://api.github.com/repos/eProsima/Fast-DDS/issues/1974,,3,35182.0
277,,2021-05-18 14:11:47,"[Label(name=""skip-ci"")]",894429292,1973,closed,Bump version to 2.3.2,https://api.github.com/repos/eProsima/Fast-DDS/issues/1973,,0,572.0
278,,2021-05-18 14:10:37,[],894428126,1972,closed,Bump version to 2.3.1,https://api.github.com/repos/eProsima/Fast-DDS/issues/1972,,0,13.0
279,,2021-05-18 10:27:49,[],894228431,1971,closed,[11561] Fixing static linking when SECURITY=OFF but SSL is needed,https://api.github.com/repos/eProsima/Fast-DDS/issues/1971,,5,1467237.0
280,,2021-05-18 07:56:36,[],894091363,1970,open,Failed to create segment error on QNX 7.1 x86_64,https://api.github.com/repos/eProsima/Fast-DDS/issues/1970,,5,
281,,2021-05-18 05:29:05,[],893970111,1969,closed,[11278] UDPv6 refactor and tests,https://api.github.com/repos/eProsima/Fast-DDS/issues/1969,,0,1326222.0
282,,2021-05-17 11:26:02,[],893232486,1968,closed,oss-fuzz integration,https://api.github.com/repos/eProsima/Fast-DDS/issues/1968,,1,63628.0
283,,2021-05-17 09:47:59,[],893152609,1967,closed,Document and assert RTPS entity pointers lifetime [11579],https://api.github.com/repos/eProsima/Fast-DDS/issues/1967,,0,76490.0
284,,2021-05-14 20:16:52,[],892210620,1966,closed,Set a default ipv6 address for multicast (backport #1959) (backport #1960),https://api.github.com/repos/eProsima/Fast-DDS/issues/1966,,1,36654.0
285,,2021-05-14 20:15:23,[],892208240,1965,closed,Set a default ipv6 address for multicast (backport #1959) (backport #1960),https://api.github.com/repos/eProsima/Fast-DDS/issues/1965,,1,36840.0
286,,2021-05-14 12:15:12,[],891873418,1964,closed,[10793] Collection of data and notification to listeners SUBSCRIPTION_THROUGHPUT,https://api.github.com/repos/eProsima/Fast-DDS/issues/1964,,1,323866.0
287,,2021-05-14 10:13:16,"[Label(name=""conflicts"")]",891798922,1963,closed,Synchronize TCP reception to wait for RTCP header. [11562] (backport #1957),https://api.github.com/repos/eProsima/Fast-DDS/issues/1963,,4,500876.0
288,,2021-05-14 08:17:11,"[Label(name=""conflicts"")]",891720162,1962,closed,Set a default ipv6 address for multicast (backport #1959),https://api.github.com/repos/eProsima/Fast-DDS/issues/1962,,1,415.0
289,,2021-05-14 08:16:44,"[Label(name=""conflicts"")]",891719877,1961,closed,Set a default ipv6 address for multicast (backport #1959),https://api.github.com/repos/eProsima/Fast-DDS/issues/1961,,1,423.0
290,,2021-05-14 08:16:20,"[Label(name=""conflicts"")]",891719642,1960,closed,Set a default ipv6 address for multicast (backport #1959),https://api.github.com/repos/eProsima/Fast-DDS/issues/1960,,4,42953.0
291,,2021-05-14 01:43:44,[],891518638,1959,closed,Set a default ipv6 address for multicast,https://api.github.com/repos/eProsima/Fast-DDS/issues/1959,,4,23480.0
292,,2021-05-13 14:22:09,[],891084554,1958,closed,[11561] Upgrade installer to support cmake linking statically or dynamically to Fast-DDS,https://api.github.com/repos/eProsima/Fast-DDS/issues/1958,,0,400061.0
293,,2021-05-13 11:45:01,[],890972082,1957,closed,Synchronize TCP reception to wait for RTCP header. [11562],https://api.github.com/repos/eProsima/Fast-DDS/issues/1957,,4,80825.0
294,,2021-05-13 05:51:15,[],890733719,1956,closed,Collection of data and notification to listeners RTPS_PACKETS_LOST [10795],https://api.github.com/repos/eProsima/Fast-DDS/issues/1956,,0,456581.0
295,,2021-05-12 14:06:26,[],890127843,1955,closed,[10792] Collection of data and notification to listeners PUBLICATION_THROUGHPUT,https://api.github.com/repos/eProsima/Fast-DDS/issues/1955,,0,486804.0
296,,2021-05-12 13:41:54,[],890104057,1954,closed,[10806] Report of PHYSICAL_DATA,https://api.github.com/repos/eProsima/Fast-DDS/issues/1954,,0,488645.0
297,,2021-05-10 06:12:41,[],883479320,1952,closed,Collection of data and notification to listeners NETWORK_LATENCY [10791],https://api.github.com/repos/eProsima/Fast-DDS/issues/1952,,2,255764.0
298,,2021-05-10 05:45:23,"[Label(name=""no-test"")]",883441748,1951,closed,[11498] updating scripts for CMake 3.17,https://api.github.com/repos/eProsima/Fast-DDS/issues/1951,,0,265955.0
299,,2021-05-08 08:18:57,[],880490948,1950,open,WLP and WLPListener intra-process deadlock issue,https://api.github.com/repos/eProsima/Fast-DDS/issues/1950,,5,
300,,2021-05-04 14:06:12,[],875498957,1949,closed,Fix DATA_COUNT to account for number of destinations [11446],https://api.github.com/repos/eProsima/Fast-DDS/issues/1949,,1,660340.0
301,,2021-05-04 12:40:02,[],875421373,1948,closed,[10803] Collection of data and notification to listeners EDP_PACKETS,https://api.github.com/repos/eProsima/Fast-DDS/issues/1948,,0,511285.0
302,,2021-04-30 14:36:20,[],872625255,1947,open,Fix partition copy in QoS [11451],https://api.github.com/repos/eProsima/Fast-DDS/issues/1947,,3,
303,,2021-04-30 11:53:27,[],872391380,1946,closed,[10802] Collection of data and notification to listeners PDP_PACKETS,https://api.github.com/repos/eProsima/Fast-DDS/issues/1946,,1,510028.0
304,,2021-04-30 08:57:01,[],872183447,1945,closed,Collection of data and notification to listeners SAMPLE_DATAS [10805],https://api.github.com/repos/eProsima/Fast-DDS/issues/1945,,0,612399.0
305,,2021-04-30 07:12:14,[],872100727,1944,closed,Fixes #1484.,https://api.github.com/repos/eProsima/Fast-DDS/issues/1944,,4,29134.0
306,,2021-04-29 23:02:05,[],871639591,1943,open,Specify network interface names instead of static IP addresses,https://api.github.com/repos/eProsima/Fast-DDS/issues/1943,,1,
307,,2021-04-29 14:00:05,"[Label(name=""skip-ci"")]",871048148,1942,closed,Extend README.md quick demo with real example,https://api.github.com/repos/eProsima/Fast-DDS/issues/1942,,0,2741117.0
308,,2021-04-29 11:28:47,[],870909330,1941,closed,HISTORY2HISTORY_LATENCY test and implementation [10789],https://api.github.com/repos/eProsima/Fast-DDS/issues/1941,,0,1029357.0
309,,2021-04-29 08:42:19,[],870767119,1940,open,discovery_server client's <transport_descriptors><listening_ports><port> automation,https://api.github.com/repos/eProsima/Fast-DDS/issues/1940,,0,
310,,2021-04-29 08:06:31,[],870734199,1939,open,Call Impl::disable inside delete_xxx <master> [11427],https://api.github.com/repos/eProsima/Fast-DDS/issues/1939,,2,
311,,2021-04-28 08:52:13,"[Label(name=""skip-ci"")]",869702723,1938,closed,Bump version to 2.3.1,https://api.github.com/repos/eProsima/Fast-DDS/issues/1938,,1,442.0
312,,2021-04-27 16:27:09,"[Label(name=""skip-ci"")]",869029525,1937,closed,Add missing statistics module implementation,https://api.github.com/repos/eProsima/Fast-DDS/issues/1937,,1,59010.0
313,,2021-04-27 08:02:08,[],868578460,1936,closed,[10796] RESENT_DATAS tests & implementation,https://api.github.com/repos/eProsima/Fast-DDS/issues/1936,,0,370308.0
314,,2021-04-27 05:24:01,"[Label(name=""skip-ci"")]",868468115,1935,closed,Update package.xml,https://api.github.com/repos/eProsima/Fast-DDS/issues/1935,,0,363.0
315,,2021-04-24 16:34:44,[],866785806,1934,closed,Question: How can publisher get a subscirber unmatch notification immediately ?,https://api.github.com/repos/eProsima/Fast-DDS/issues/1934,,5,3793500.0
316,,2021-04-23 22:47:14,[],866474908,1933,open,Question: How to check PubSubType is correct,https://api.github.com/repos/eProsima/Fast-DDS/issues/1933,,0,
317,,2021-04-23 07:05:55,[],865814739,1932,open,Fix apply annotation bug when building complete dynamic union type,https://api.github.com/repos/eProsima/Fast-DDS/issues/1932,,0,
318,,2021-04-23 06:42:50,"[Label(name=""no-aarch"")]",865798864,1931,closed,Correctly update memory policy on writers and readers [11348],https://api.github.com/repos/eProsima/Fast-DDS/issues/1931,,0,7574.0
319,,2021-04-22 13:39:17,"[Label(name=""skip-ci"")]",864964237,1930,closed,Remove copied RST text,https://api.github.com/repos/eProsima/Fast-DDS/issues/1930,,0,1857.0
320,,2021-04-22 02:14:37,[],864474354,1929,open,DYNAMIC_REUSABLE_MEMORY_MODE breaks new subscriber reusing an existing participant,https://api.github.com/repos/eProsima/Fast-DDS/issues/1929,,0,
321,,2021-04-21 17:30:35,[],864114300,1928,open,UDPv6 needs default IPv6 address [11564],https://api.github.com/repos/eProsima/Fast-DDS/issues/1928,,3,
322,,2021-04-21 17:23:10,[],864109036,1927,closed,DELETE ME,https://api.github.com/repos/eProsima/Fast-DDS/issues/1927,,0,43212.0
323,,2021-04-21 10:37:57,[],863725957,1926,closed,Allow datasharing writer to remove samples in the middle of history [11308],https://api.github.com/repos/eProsima/Fast-DDS/issues/1926,,1,7312.0
324,,2021-04-21 07:51:49,[],863555596,1925,closed,Does a vector in IDL file have a default maximun number of elements?,https://api.github.com/repos/eProsima/Fast-DDS/issues/1925,,2,63278.0
325,,2021-04-21 07:49:25,"[Label(name=""no-test""), Label(name=""no-aarch"")]",863553494,1924,closed,Statistics link between DDS and RTPS layers [11273],https://api.github.com/repos/eProsima/Fast-DDS/issues/1924,,0,548968.0
326,,2021-04-20 05:54:06,[],862442213,1923,closed,IPv6 Interface Whitelisting Does Not Work [11278],https://api.github.com/repos/eProsima/Fast-DDS/issues/1923,,5,3743921.0
327,,2021-04-19 12:49:20,"[Label(name=""no-test""), Label(name=""no-aarch"")]",861274107,1922,closed,Enable/Disable statistics datawriter implementation [10807],https://api.github.com/repos/eProsima/Fast-DDS/issues/1922,,1,666993.0
328,,2021-04-16 19:31:16,[],860108059,1921,open,Program with Fast-DDS library (v2.3.0) freezes when exiting it,https://api.github.com/repos/eProsima/Fast-DDS/issues/1921,,0,
329,,2021-04-16 12:07:48,[],859754547,1920,closed,[10804 ] Collection of data and notification to listeners DISCOVERED_ENTITY,https://api.github.com/repos/eProsima/Fast-DDS/issues/1920,,0,851660.0
330,,2021-04-15 13:49:04,[],858901067,1919,closed,[10800] - Collection of data and notification to listeners GAP_COUNT,https://api.github.com/repos/eProsima/Fast-DDS/issues/1919,,0,926589.0
331,,2021-04-15 11:25:28,[],858783573,1918,closed,Fix min_pool_size() calculation on debug builds [11213],https://api.github.com/repos/eProsima/Fast-DDS/issues/1918,,2,413810.0
332,,2021-04-15 08:01:52,[],858610595,1917,closed,[11212] FOONATHAN_MEMORY_ASSERT(no_nodes > 0) in ProxyHashTable<eprosima::fastrtps::rtps::ReaderProxyData>::ProxyHashTable after update,https://api.github.com/repos/eProsima/Fast-DDS/issues/1917,,5,426026.0
333,,2021-04-14 21:42:50,[],858288202,1916,open,FastDDS throughput on fast networks,https://api.github.com/repos/eProsima/Fast-DDS/issues/1916,,0,
334,,2021-04-14 13:09:29,[],857883107,1915,closed,[10799] NACKFRAG_COUNT callback implementation,https://api.github.com/repos/eProsima/Fast-DDS/issues/1915,,0,1014179.0
335,,2021-04-13 14:42:22,[],857032902,1914,open,"can't reconnect to the discovery server, resulting in lot of CLOSE_WAIT connections",https://api.github.com/repos/eProsima/Fast-DDS/issues/1914,,1,
336,,2021-04-13 10:46:45,[],856836516,1913,closed,Why I cannot build the foonathan_memory_vendor successfully?,https://api.github.com/repos/eProsima/Fast-DDS/issues/1913,,5,8535227.0
337,,2021-04-13 09:02:15,[],856750271,1912,closed,Add missing operators to TypeSupport [11194],https://api.github.com/repos/eProsima/Fast-DDS/issues/1912,,0,14440.0
338,,2021-04-13 08:08:26,[],856702257,1911,closed,[10797] HEARTBEAT_COUNT callback implementation,https://api.github.com/repos/eProsima/Fast-DDS/issues/1911,,0,1113565.0
339,,2021-04-12 20:09:07,[],856321586,1910,open,New tag on the 2.3.x branch for ROS 2 Rolling,https://api.github.com/repos/eProsima/Fast-DDS/issues/1910,,10,
340,,2021-04-11 19:42:33,[],855391050,1909,open,Fix crash in dynamic type registration of primitive type array,https://api.github.com/repos/eProsima/Fast-DDS/issues/1909,,1,
